id,label,predict_result,predict_score,predict_detail,type
900001,146.0,99.70813196092936,99.70813196092936,{'label': 99.70813196092936},predict
900002,126.0,132.65104456024036,132.65104456024036,{'label': 132.65104456024036},predict
2500001,150.0,155.38749004692937,155.38749004692937,{'label': 155.38749004692937},predict
2500002,150.0,129.97198826863635,129.97198826863635,{'label': 129.97198826863635},predict
6900001,150.0,138.36866869270236,138.36866869270236,{'label': 138.36866869270236},predict
6900002,135.0,149.05863256692936,149.05863256692936,{'label': 149.05863256692936},predict
8700001,150.0,84.79945416031936,84.79945416031936,{'label': 84.79945416031936},predict
8700002,132.0,156.02992736217436,156.02992736217436,{'label': 156.02992736217436},predict
