id,label,predict_result,predict_score,predict_detail,type
100001,123.0,150.2617487175364,150.2617487175364,{'label': 150.2617487175364},predict
3900001,150.0,154.7761962434161,154.7761962434161,{'label': 154.7761962434161},predict
