id,label,predict_result,predict_score,predict_detail,type
900001,146.0,74.6179659827346,74.6179659827346,{'label': 74.6179659827346},predict
900002,126.0,148.3450569902296,148.3450569902296,{'label': 148.3450569902296},predict
2500001,150.0,171.23153005874462,171.23153005874462,{'label': 171.23153005874462},predict
2500002,150.0,149.23820592079463,149.23820592079463,{'label': 149.23820592079463},predict
6900001,150.0,164.23738859112962,164.23738859112962,{'label': 164.23738859112962},predict
6900002,135.0,161.06535231795962,161.06535231795962,{'label': 161.06535231795962},predict
8700001,150.0,93.01811030050462,93.01811030050462,{'label': 93.01811030050462},predict
8700002,132.0,150.82048067497962,150.82048067497962,{'label': 150.82048067497962},predict
