id,label,predict_result,predict_score,predict_detail,type
900001,146.0,136.0907084929514,136.0907084929514,{'label': 136.0907084929514},predict
900002,126.0,144.2283758820714,144.2283758820714,{'label': 144.2283758820714},predict
2500001,150.0,143.3289232412154,143.3289232412154,{'label': 143.3289232412154},predict
2500002,150.0,106.10303105897138,106.10303105897138,{'label': 106.10303105897138},predict
6900001,150.0,103.82889232007139,103.82889232007139,{'label': 103.82889232007139},predict
6900002,135.0,136.67450550427938,136.67450550427938,{'label': 136.67450550427938},predict
8700001,150.0,138.1861530449034,138.1861530449034,{'label': 138.1861530449034},predict
8700002,132.0,140.9780573358394,140.9780573358394,{'label': 140.9780573358394},predict
