id,label,predict_result,predict_score,predict_detail,type
100001,123.0,93.90960035905,93.90960035905,{'label': 93.90960035905},predict
3900001,150.0,173.8438724095,173.8438724095,{'label': 173.8438724095},predict
