id,label,predict_result,predict_score,predict_detail,type
100001,123.0,108.02932307158234,108.02932307158234,{'label': 108.02932307158234},predict
3900001,150.0,175.36157878134534,175.36157878134534,{'label': 175.36157878134534},predict
