id,label,predict_result,predict_score,predict_detail,type
100001,123.0,94.18960799107,94.18960799107,{'label': 94.18960799107},predict
3900001,150.0,169.789736087635,169.789736087635,{'label': 169.789736087635},predict
