id,label,predict_result,predict_score,predict_detail,type
900001,146.0,117.27642385501845,117.27642385501845,{'label': 117.27642385501845},predict
900002,126.0,182.13892504751448,182.13892504751448,{'label': 182.13892504751448},predict
2500001,150.0,158.57162707473844,158.57162707473844,{'label': 158.57162707473844},predict
2500002,150.0,170.97928674572245,170.97928674572245,{'label': 170.97928674572245},predict
6900001,150.0,163.21887441302647,163.21887441302647,{'label': 163.21887441302647},predict
6900002,135.0,176.72061766741845,176.72061766741845,{'label': 176.72061766741845},predict
8700001,150.0,141.16950652424245,141.16950652424245,{'label': 141.16950652424245},predict
8700002,132.0,146.09087258525045,146.09087258525045,{'label': 146.09087258525045},predict
