id,label,predict_result,predict_score,predict_detail,type
900001,146.0,140.5237157046525,140.5237157046525,{'label': 140.5237157046525},predict
900002,126.0,141.93382481526447,141.93382481526447,{'label': 141.93382481526447},predict
2500001,150.0,152.21980969229907,152.21980969229907,{'label': 152.21980969229907},predict
2500002,150.0,173.9470364708069,173.9470364708069,{'label': 173.9470364708069},predict
6900001,150.0,181.21801111249937,181.21801111249937,{'label': 181.21801111249937},predict
6900002,135.0,160.90334589254377,160.90334589254377,{'label': 160.90334589254377},predict
8700001,150.0,125.86613348699727,125.86613348699727,{'label': 125.86613348699727},predict
8700002,132.0,147.91872190039987,147.91872190039987,{'label': 147.91872190039987},predict
