id,label,predict_result,predict_score,predict_detail,type
900001,146.0,109.11237568889153,109.11237568889153,{'label': 109.11237568889153},predict
900002,126.0,135.48192383312153,135.48192383312153,{'label': 135.48192383312153},predict
2500001,150.0,144.01040408681155,144.01040408681155,{'label': 144.01040408681155},predict
2500002,150.0,143.38277791346152,143.38277791346152,{'label': 143.38277791346152},predict
6900001,150.0,123.20057941148154,123.20057941148154,{'label': 123.20057941148154},predict
6900002,135.0,146.00157055574152,146.00157055574152,{'label': 146.00157055574152},predict
8700001,150.0,131.83361358062155,131.83361358062155,{'label': 131.83361358062155},predict
8700002,132.0,134.26824056213152,134.26824056213152,{'label': 134.26824056213152},predict
