id,label,predict_result,predict_score,predict_detail,type
100001,123.0,144.84515204216,144.84515204216,{'label': 144.84515204216},predict
3900001,150.0,160.86183495893,160.86183495893,{'label': 160.86183495893},predict
