id,label,predict_result,predict_score,predict_detail,type
100001,123.0,89.037820516136,89.037820516136,{'label': 89.037820516136},predict
3900001,150.0,153.239287485984,153.239287485984,{'label': 153.239287485984},predict
