id,label,predict_result,predict_score,predict_detail,type
900001,146.0,133.81663321388623,133.81663321388623,{'label': 133.81663321388623},predict
900002,126.0,147.41939407705024,147.41939407705024,{'label': 147.41939407705024},predict
2500001,150.0,151.80594746500321,151.80594746500321,{'label': 151.80594746500321},predict
2500002,150.0,143.25729011666223,143.25729011666223,{'label': 143.25729011666223},predict
8700001,150.0,120.16856097525023,120.16856097525023,{'label': 120.16856097525023},predict
8700002,132.0,140.58029476201324,140.58029476201324,{'label': 140.58029476201324},predict
