id,label,predict_result,predict_score,predict_detail,type
900001,146.0,105.99557158281692,105.99557158281692,{'label': 105.99557158281692},predict
900002,126.0,149.0078327399469,149.0078327399469,{'label': 149.0078327399469},predict
2500001,150.0,141.05548482882693,141.05548482882693,{'label': 141.05548482882693},predict
2500002,150.0,139.55478538101693,139.55478538101693,{'label': 139.55478538101693},predict
6900001,150.0,140.14592522487692,140.14592522487692,{'label': 140.14592522487692},predict
6900002,135.0,136.36944770202692,136.36944770202692,{'label': 136.36944770202692},predict
8700001,150.0,102.99706569966692,102.99706569966692,{'label': 102.99706569966692},predict
8700002,132.0,163.9506740560269,163.9506740560269,{'label': 163.9506740560269},predict
