id,label,predict_result,predict_score,predict_detail,type
900001,146.0,94.62355023546539,94.62355023546539,{'label': 94.62355023546539},predict
900002,126.0,155.74514596884538,155.74514596884538,{'label': 155.74514596884538},predict
2500001,150.0,144.8494792041054,144.8494792041054,{'label': 144.8494792041054},predict
2500002,150.0,166.8995206194054,166.8995206194054,{'label': 166.8995206194054},predict
6900001,150.0,116.29393427040539,116.29393427040539,{'label': 116.29393427040539},predict
6900002,135.0,143.7496126956954,143.7496126956954,{'label': 143.7496126956954},predict
8700001,150.0,87.72392295849538,87.72392295849538,{'label': 87.72392295849538},predict
8700002,132.0,184.57311993030538,184.57311993030538,{'label': 184.57311993030538},predict
