id,label,predict_result,predict_score,predict_detail,type
100001,123.0,130.41656342132399,130.41656342132399,{'label': 130.41656342132399},predict
3900001,150.0,151.31549864301599,151.31549864301599,{'label': 151.31549864301599},predict
