id,label,predict_result,predict_score,predict_detail,type
900001,146.0,82.69695354197692,82.69695354197692,{'label': 82.69695354197692},predict
900002,126.0,122.48404807439692,122.48404807439692,{'label': 122.48404807439692},predict
2500001,150.0,149.95391750939692,149.95391750939692,{'label': 149.95391750939692},predict
2500002,150.0,160.99430907134692,160.99430907134692,{'label': 160.99430907134692},predict
6900001,150.0,114.19491309707692,114.19491309707692,{'label': 114.19491309707692},predict
6900002,135.0,177.42133358489693,177.42133358489693,{'label': 177.42133358489693},predict
8700001,150.0,118.18592887982692,118.18592887982692,{'label': 118.18592887982692},predict
8700002,132.0,150.0059497289369,150.0059497289369,{'label': 150.0059497289369},predict
