id,label,predict_result,predict_score,predict_detail,type
6900001,150.0,47.631817838867775,47.631817838867775,{'label': 47.631817838867775},predict
6900002,135.0,108.79052943391477,108.79052943391477,{'label': 108.79052943391477},predict
